gen_answ_id,sys_prompt,question_prompt,assistant_answer,user_prompt,gen_answ_content,gen_answ_created,gen_answ_model,gen_answ_completion_tokens,gen_answ_prompt_tokens,gen_answ_total_tokens
chatcmpl-Au1Bf90VrcSuaYFUFNsveObIL8N8H,,Say hello,,,Hello! How can I assist you today?,1737914295,gpt-4o-mini-2024-07-18,10,9,19
chatcmpl-Au1CLywPmwUo0bAenXONW5oTmj2YH,,"Say, hello",,,Hello! How can I assist you today?,1737914337,gpt-4o-mini-2024-07-18,10,10,20
chatcmpl-Au4QsQlRjzM31f2TAHk7XrDTESTNl,,"Je vous ai envoyé un document, l'avez-vous reçu?","Oui, voici le contenu du document : data_lake/12-2_1_5_pdf/12-2_1_5_pdf.pdf",,"Je suis désolé, mais je ne peux pas recevoir ou consulter des documents ou des fichiers. Toutefois, je peux vous aider avec des questions ou des informations que vous souhaitez discuter. Que puis-je faire pour vous ?",1737926770,gpt-4o-mini-2024-07-18,44,53,97
chatcmpl-Au4rpgPusbN0XFQipXkBXxyF7QvXA,,"Je vous ai envoyé un document, l'avez-vous reçu?","Oui, voici le contenu du document : data_lake/12-2_1_5_pdf/12-2_1_5_pdf.pdf",,"Je suis désolé, mais je ne peux pas recevoir ou consulter des documents. Cependant, je peux vous aider avec des informations ou répondre à des questions que vous pourriez avoir. Que puis-je faire pour vous ?",1737928441,gpt-4o-mini-2024-07-18,43,53,96
chatcmpl-Au4tY7kzM6vrozlEmCLbvlyT6pxFQ,,"Je vous ai envoyé un document, l'avez-vous reçu?","Oui, voici le contenu du document : data_lake/12-2_1_5_pdf/12-2_1_5_pdf.pdf",,"Je suis désolé, mais je n'ai pas la capacité de recevoir ou d'accéder à des documents ou des fichiers. Si vous avez des questions ou des informations spécifiques que vous aimeriez partager, n'hésitez pas à le faire ici, et je serai heureux de vous aider!",1737928548,gpt-4o-mini-2024-07-18,57,53,110
chatcmpl-Au4u77bTpamBI70tMMFhEjrHGLTpc,,"Je vous ai envoyé un document, l'avez-vous reçu?","Oui, voici le contenu du document : <_io.BufferedWriter name='data_lake/12-2_1_5_pdf/12-2_1_5_pdf.pdf'>",,"Je suis désolé, mais je ne peux pas recevoir ou accéder à des documents. Si vous avez des questions ou si vous avez besoin d'aide avec le contenu d'un document, n'hésitez pas à me le décrire ou à me poser vos questions !",1737928583,gpt-4o-mini-2024-07-18,52,61,113
chatcmpl-Au4yyAjQBfr6z2IiKCMa4x44wd2ua,Vous êtes un arpenteur et notaire d'experience. Je suis un client.,"Je vous ai envoyé un document, l'avez-vous reçu?","Oui, voici le contenu du document : <_io.BufferedWriter name='data_lake/12-2_1_5_pdf/12-2_1_5_pdf.pdf'>",,"Je suis désolé, mais je ne peux pas recevoir ou visualiser de documents. Cependant, je peux vous aider à répondre à des questions ou à vous fournir des informations sur des sujets liés à l'arpentage ou au notariat. Que souhaitez-vous savoir ?",1737928884,gpt-4o-mini-2024-07-18,55,83,138
chatcmpl-Au50TPTwMHFuKM0S3oLqrLa7DrSVw,Vous êtes un arpenteur et notaire d'experience. Je suis un client.,"Je vous ai envoyé un document, l'avez-vous reçu?","Oui, voici le contenu du document : <_io.BufferedWriter name='data_lake/12-2_1_5_pdf/12-2_1_5_pdf.pdf'>",,"Je suis désolé, mais en tant qu'IA, je ne peux pas recevoir ou visualiser des documents. Cependant, je peux vous aider à répondre à des questions ou à vous guider sur des sujets liés à l'arpentage et aux notaires. Que puis-je faire pour vous aujourd'hui ?",1737928977,gpt-4o-mini-2024-07-18,63,83,146
chatcmpl-Au53v1I945PsEjWuXZCVEQ8HW0WeY,Vous êtes un arpenteur et notaire d'experience. Je suis un client.,"Je vous ai envoyé un document, l'avez-vous reçu?","Oui, voici le contenu du document : Une erreur s'est produite : 'utf-8' codec can't decode byte 0xaa in position 11: invalid start byte",,"Je ne peux pas recevoir de documents directement. Toutefois, si vous avez des questions ou si vous souhaitez discuter du contenu d'un document, n'hésitez pas à partager les informations pertinentes ici, et je serais ravi de vous aider !",1737929191,gpt-4o-mini-2024-07-18,46,80,126
chatcmpl-Au5JZ48h4kScX2hqvhShObk5xFQHu,Vous êtes un arpenteur et notaire d'experience. Je suis un client.,"Je vous ai envoyé un document, l'avez-vous reçu?","Oui, voici le contenu du document : Oui, voici le contenu du document : Index des immeubles - Section informatisée  
Index des immeubles  
Circonscription foncière : Stanstead  
Dates de mise à jour du Registre  
Cadastre :  
Village de Rock Island  
Droits : 2022-09-07 13:55  
Lot :  
12-2  
Radiations :  
2022-06-30 16:00  
Date d'établissement :  
2004-01-14 09:00  
Plan : Liste des plans  
Concordance :  
Ce lot remplace une partie du (des) lot(s) 12-1.  
Date de  
Numéro  
Nature de l'acte  
Qualité  
Nom des parties  
Remarques  
Avis d'adresse  
Radiations  
présentation d'inscription  
2007-11-01  
14 744 344  
Hypothèque  
Prêteur Emprunteur  
CITIFINANCIÈRE CANADA, INC. KEELER, DWAYNE THAYER, LINDA  
57 151,26 $  
6 002 064  
T 17 828 594  
2010-11-17  
17 714 203  
Hypothèque  
Créancier Constituant  
Caisse Desjardins de Stanstead KEELER, Dwayne THAYER, Linda  
109 000,00 $  
6 001 605  
T 20 893 177  
2014-06-27  
20 872 079  
Dation en paiement volontaire  
Cédant  
Cessionnaire  
THAYER, Linda KEELER, Dwayne CAISSE DESJARDINS DU LAC-MEMPHREMAGOG  
2014-08-27  
2014-09-05  
À 09:00. Début de la période d'interdiction : Réforme cadastrale.  
À 09:00.Ce lot est rénové, voir nouveau(x) lot(s) 5 075 561 Cadastre du Québec. Pour plan(s) et/ou document joint, voir le(s) nouveau(x) lot(s). Voir propriétaire(s) par lot (La liste des propriétaires affichée n'a aucune valeur légale.)


Mention de radiation - Section informatisée  
Radiations  
Mention  
T  
17 828 594 L'inscription des droits hypothécaires résultant du document ou de la réquisition Nº 14 744 344 est supprimée.  
Radiations  
Mention  
T  
20 893 177 L'inscription des droits hypothécaires résultant du document ou de la réquisition Nº 17 714 203 est supprimée.


","Parlez-moi de ce document, s'il vous plaît. Soyez précis.","Le document que vous avez partagé semble être un extrait d'un registre foncier pour un lot dans la circonscription foncière de Stanstead, au Québec. Voici une analyse précise de ses principales sections et informations :

### 1. **Index des immeubles**
- **Circonscription foncière** : Stanstead
- **Cadastre** : Village de Rock Island
- **Lot** : 12-2
- **Date d'établissement** : 14 janvier 2004
- **Radiations** : Dernières modifications du document le 30 juin 2022.

### 2. **Concordance**
- **Remplacement** : Le lot 12-2 remplace une partie du lot 12-1, ce qui indique une modification ou un redécoupage du cadastre.

### 3. **Actes notariés et Hypothèques**
- **Hypothèque du 1er novembre 2007** : En faveur de CITIFINANCIÈRE CANADA, INC. pour un montant de 57 151,26 $ au nom de Dwayne Keeler et Linda Thayer.
- **Hypothèque du 17 novembre 2010** : En faveur de la Caisse Desjardins de Stanstead pour 109 000,00 $ sur les mêmes parties.
- **Dation en paiement volontaire du 27 juin 2014** : Une cession a été faite par Linda Thayer au profit de Dwayne Keeler et de la Caisse Desjardins du Lac-Memphremagog.

### 4. **Radiations hypothécaires**
- **Radiation 1 (T 17 828 594)** : L'inscription de l'hypothèque résultant du document N° 14 744 344 a été supprimée.
- **Radiation 2 (T 20 893 177)** : L'inscription de l'hypothèque résultant du document N° 17 714 203 a également été supprimée.

### 5. **Remarques**
- Le document mentionne également qu'à partir du 5 septembre 2014, le lot a été rénové et fait référence à un nouveau lot (5 075 561) dans le cadastre du Québec, impliquant un changement de l'indexation des propriétés.

### Conclusion
Ce document est essentiel pour établir la situation juridique et la propriété du lot 12-2, ainsi que les droits hypothécaires qui lui sont attachés. Il indique qu'il y a eu des transactions financières et des modifications concernant ce bien, ce qui pourrait affecter positivement ou négativement sa valeur et sa propriété. 

Si vous avez des questions spécifiques sur des sections ou des implications juridiques, n'hésitez pas à demander.",1737930161,gpt-4o-mini-2024-07-18,573,623,1196
chatcmpl-Au5RmbRKImoiDgDsAxo5305B4RMuh,Vous êtes un arpenteur et notaire d'experience. Je suis un client.,"Je vous ai envoyé un document, l'avez-vous reçu?","Oui, voici le contenu du document : Oui, voici le contenu du document : Index des immeubles - Section informatisée  
Index des immeubles  
Circonscription foncière : Stanstead  
Dates de mise à jour du Registre  
Cadastre :  
Village de Rock Island  
Droits : 2022-09-07 13:55  
Lot :  
12-2  
Radiations :  
2022-06-30 16:00  
Date d'établissement :  
2004-01-14 09:00  
Plan : Liste des plans  
Concordance :  
Ce lot remplace une partie du (des) lot(s) 12-1.  
Date de  
Numéro  
Nature de l'acte  
Qualité  
Nom des parties  
Remarques  
Avis d'adresse  
Radiations  
présentation d'inscription  
2007-11-01  
14 744 344  
Hypothèque  
Prêteur Emprunteur  
CITIFINANCIÈRE CANADA, INC. KEELER, DWAYNE THAYER, LINDA  
57 151,26 $  
6 002 064  
T 17 828 594  
2010-11-17  
17 714 203  
Hypothèque  
Créancier Constituant  
Caisse Desjardins de Stanstead KEELER, Dwayne THAYER, Linda  
109 000,00 $  
6 001 605  
T 20 893 177  
2014-06-27  
20 872 079  
Dation en paiement volontaire  
Cédant  
Cessionnaire  
THAYER, Linda KEELER, Dwayne CAISSE DESJARDINS DU LAC-MEMPHREMAGOG  
2014-08-27  
2014-09-05  
À 09:00. Début de la période d'interdiction : Réforme cadastrale.  
À 09:00.Ce lot est rénové, voir nouveau(x) lot(s) 5 075 561 Cadastre du Québec. Pour plan(s) et/ou document joint, voir le(s) nouveau(x) lot(s). Voir propriétaire(s) par lot (La liste des propriétaires affichée n'a aucune valeur légale.)


Mention de radiation - Section informatisée  
Radiations  
Mention  
T  
17 828 594 L'inscription des droits hypothécaires résultant du document ou de la réquisition Nº 14 744 344 est supprimée.  
Radiations  
Mention  
T  
20 893 177 L'inscription des droits hypothécaires résultant du document ou de la réquisition Nº 17 714 203 est supprimée.


","Parlez-moi de ce document, s'il vous plaît. Soyez précis.","Ce document semble être un extrait du registre foncier lié à un bien immobilier spécifique situé dans le village de Rock Island, dans la circonscription foncière de Stanstead. Voici les éléments clés présents dans ce document :

1. **Index des Immeubles** :
   - Il s'agit d'un index qui sert à retracer les informations concernant les propriétés dans un registre foncier. Cela inclut des informations de base comme la circonscription, le cadastre, et le numéro de lot.

2. **Données de Mise à Jour** :
   - Le registre a été mis à jour à plusieurs reprises, avec des dates spécifiques indiquant quand des modifications ont été apportées.

3. **Détails du Lot** :
   - Lot concerné : 12-2, qui remplace une partie du lot 12-1.
   - Informations cadastrales, y compris les plans associés et les droits afférents.

4. **Historiques des Actes** :
   - Trois actes notables d'hypothèque et d'une dation en paiement volontaire sont mentionnés, avec des détails sur :
     - Les parties concernées (créanciers et emprunteurs).
     - Les montants des hypothèques et des transactions.
     - La date de chaque acte.

5. **Radiations** :
   - Les lignes concernant les radiations indiquent que les droits hypothécaires associés aux documents ou réquisitions mentionnés ont été supprimés. Cela signifie que ces droits n'ont plus de valeur légale, ce qui pourrait indiquer que les dettes correspondantes ont été réglées ou que la propriété a été transférée.

6. **Renouvellement et Modification** :
   - Une mention de réforme cadastrale qui indique que le lot a été rénové et a été transformé en un nouveau lot (5 075 561), ce qui signifie que la structure cadastrale a été mise à jour.

7. **Propriétaire(s)** :
   - Le document précise que la liste des propriétaires affichée n’a aucune valeur légale. Il est probablement nécessaire de consulter directement le registre pour obtenir des informations à jour sur les propriétaires et les droits de propriété.

En résumé, ce document retrace l'historique des transactions et des droits associés à un lot immobilier spécifique, et il inclut des informations sur des hypothèques, des radiations, ainsi que des modifications cadastrales. Si vous avez des questions spécifiques ou si vous souhaitez obtenir des informations supplémentaires sur un point particulier, n'hésitez pas à me le faire savoir.",1737930670,gpt-4o-mini-2024-07-18,519,623,1142
chatcmpl-Au5V7YC5fbPpjs8vn8tmMT3VsLMhW,Vous êtes un arpenteur et notaire d'experience. Je suis un client.,"Je vous ai envoyé un document, l'avez-vous reçu?","Oui, voici le contenu du document : Oui, voici le contenu du document : Index des immeubles - Section informatisée  
Index des immeubles  
Circonscription foncière : Stanstead  
Dates de mise à jour du Registre  
Cadastre :  
Village de Rock Island  
Droits : 2022-09-07 13:55  
Lot :  
12-2  
Radiations :  
2022-06-30 16:00  
Date d'établissement :  
2004-01-14 09:00  
Plan : Liste des plans  
Concordance :  
Ce lot remplace une partie du (des) lot(s) 12-1.  
Date de  
Numéro  
Nature de l'acte  
Qualité  
Nom des parties  
Remarques  
Avis d'adresse  
Radiations  
présentation d'inscription  
2007-11-01  
14 744 344  
Hypothèque  
Prêteur Emprunteur  
CITIFINANCIÈRE CANADA, INC. KEELER, DWAYNE THAYER, LINDA  
57 151,26 $  
6 002 064  
T 17 828 594  
2010-11-17  
17 714 203  
Hypothèque  
Créancier Constituant  
Caisse Desjardins de Stanstead KEELER, Dwayne THAYER, Linda  
109 000,00 $  
6 001 605  
T 20 893 177  
2014-06-27  
20 872 079  
Dation en paiement volontaire  
Cédant  
Cessionnaire  
THAYER, Linda KEELER, Dwayne CAISSE DESJARDINS DU LAC-MEMPHREMAGOG  
2014-08-27  
2014-09-05  
À 09:00. Début de la période d'interdiction : Réforme cadastrale.  
À 09:00.Ce lot est rénové, voir nouveau(x) lot(s) 5 075 561 Cadastre du Québec. Pour plan(s) et/ou document joint, voir le(s) nouveau(x) lot(s). Voir propriétaire(s) par lot (La liste des propriétaires affichée n'a aucune valeur légale.)


Mention de radiation - Section informatisée  
Radiations  
Mention  
T  
17 828 594 L'inscription des droits hypothécaires résultant du document ou de la réquisition Nº 14 744 344 est supprimée.  
Radiations  
Mention  
T  
20 893 177 L'inscription des droits hypothécaires résultant du document ou de la réquisition Nº 17 714 203 est supprimée.


","Parlez-moi de ce document, s'il vous plaît. Soyez précis.","Ce document est un extrait du registre foncier relatif à un bien immobilier situé dans la circonscription foncière de Stanstead, plus précisément dans le village de Rock Island. Voici les détails clés :

1. **Cadastre et Lot :**
   - Le lot concerné est le 12-2.
   - Ce lot remplace une partie du lot 12-1, ce qui signifie qu'il y a eu des modifications au moment de son inscription.

2. **Données d'inscription :**
   - Date d'établissement : 14 janvier 2004.
   - Dernière mise à jour du registre le 7 septembre 2022.

3. **Actes et Droits :**
   - Plusieurs actes notariés sont mentionnés :
     - **Hypothèque** : Il y a deux hypothèques inscrites pour un prêt de 57 151,26 $ en faveur de CITIFINANCIÈRE CANADA, et un prêt de 109 000,00 $ à la Caisse Desjardins de Stanstead.
     - **Dation en paiement volontaire** : En juin 2014, Linda Thayer a transféré ses droits à Dwayne Keeler et à la Caisse Desjardins du Lac-Memphremagog.

4. **Radiations :**
   - Les droits hypothécaires associés aux prêts mentionnés plus haut, numéros 14 744 344 et 17 714 203, ont été radiés, ce qui signifie que ces hypothèques ne pèsent plus sur le lot concerné.

5. **Informations additionnelles :**
   - Le document indique également qu'il n'y a pas de valeur légale à la liste des propriétaires affichée et qu'il y a une note sur une réforme cadastrale et une mention de rénovation du lot.

En résumé, ce document retrace l'historique des droits et des obligations liés au bien immobilier en question, y compris les hypothèques initiales et leurs radiations. Il est essentiel pour la vérification de titre et la compréhension des droits liés à cette propriété. Si vous avez besoin d’informations supplémentaires ou d'éclaircissements, n'hésitez pas à demander.",1737930877,gpt-4o-mini-2024-07-18,449,623,1072
chatcmpl-Au5VEug0fZrqhyxappKZNb9RQT2S6,Vous êtes un arpenteur et notaire d'experience. Je suis un client.,"Je vous ai envoyé un document, l'avez-vous reçu?","Oui, voici le contenu du document : Oui, voici le contenu du document : Index des immeubles - Section informatisée  
Index des immeubles  
Circonscription foncière : Stanstead  
Dates de mise à jour du Registre  
Cadastre :  
Village de Rock Island  
Droits : 2022-09-07 13:55  
Lot :  
12-2  
Radiations :  
2022-06-30 16:00  
Date d'établissement :  
2004-01-14 09:00  
Plan : Liste des plans  
Concordance :  
Ce lot remplace une partie du (des) lot(s) 12-1.  
Date de  
Numéro  
Nature de l'acte  
Qualité  
Nom des parties  
Remarques  
Avis d'adresse  
Radiations  
présentation d'inscription  
2007-11-01  
14 744 344  
Hypothèque  
Prêteur Emprunteur  
CITIFINANCIÈRE CANADA, INC. KEELER, DWAYNE THAYER, LINDA  
57 151,26 $  
6 002 064  
T 17 828 594  
2010-11-17  
17 714 203  
Hypothèque  
Créancier Constituant  
Caisse Desjardins de Stanstead KEELER, Dwayne THAYER, Linda  
109 000,00 $  
6 001 605  
T 20 893 177  
2014-06-27  
20 872 079  
Dation en paiement volontaire  
Cédant  
Cessionnaire  
THAYER, Linda KEELER, Dwayne CAISSE DESJARDINS DU LAC-MEMPHREMAGOG  
2014-08-27  
2014-09-05  
À 09:00. Début de la période d'interdiction : Réforme cadastrale.  
À 09:00.Ce lot est rénové, voir nouveau(x) lot(s) 5 075 561 Cadastre du Québec. Pour plan(s) et/ou document joint, voir le(s) nouveau(x) lot(s). Voir propriétaire(s) par lot (La liste des propriétaires affichée n'a aucune valeur légale.)


Mention de radiation - Section informatisée  
Radiations  
Mention  
T  
17 828 594 L'inscription des droits hypothécaires résultant du document ou de la réquisition Nº 14 744 344 est supprimée.  
Radiations  
Mention  
T  
20 893 177 L'inscription des droits hypothécaires résultant du document ou de la réquisition Nº 17 714 203 est supprimée.


","Parlez-moi de ce document, s'il vous plaît. Soyez précis.","Ce document est un extrait du registre foncier, spécifiquement un index des immeubles pour la circonscription foncière de Stanstead, concernant le Village de Rock Island. Voici les éléments principaux décrits dans le document :

1. **Identité du bien** :
   - **Cadastre** : Le document concerne le lot 12-2, qui remplace une partie du lot 12-1.
   - **Date d'établissement** : Le lot a été établi le 14 janvier 2004.

2. **Mises à jour et radiations** :
   - Il y a eu plusieurs mises à jour enregistrées, notamment des radiations d'hypothèques le 30 juin 2022 pour les droits liés aux inscriptions hypothécaires.

3. **Actes notariés** :
   - Une liste d'actes notariés est mentionnée, notamment des hypothèques et une dation en paiement :
     - **Hypothèque** : Plusieurs inscriptions d'hypothèques sont relevées :
       - Le 1er novembre 2007 : Une hypothèque de 57 151,26 $ au profit de CITIFINANCIÈRE CANADA, INC.
       - Le 17 novembre 2010 : Une hypothèque de 109 000,00 $ pour la Caisse Desjardins de Stanstead.
     - **Dation en paiement** : Le 27 juin 2014, une dation en paiement volontaire a eu lieu entre Linda Thayer et Dwayne Keeler à la Caisse Desjardins du Lac-Memphremagog.

4. **Mentions de radiations** :
   - Deux mentions de radiation sont enregistrées :
     - La radiation du document numéro 14 744 344 portant sur des droits hypothécaires.
     - La radiation du document numéro 17 714 203 également liée à des droits hypothécaires.

5. **Remarques** :
   - Une indication précise mentionne que ce lot est associé à une réforme cadastrale et note que le(s) nouveau(x) lot(s) concerné(s) est/sont le(s) lot(s) 5 075 561 du Cadastre du Québec.

En somme, ce document essentiel trace l’historique juridique et cadastral du lot 12-2, en indiquant les droits hypothécaires qui y sont associés, leurs modifications, ainsi que les parties impliquées dans les transactions.",1737930884,gpt-4o-mini-2024-07-18,504,623,1127
chatcmpl-Au5Vg33jh5unNoWIW4LASSrA7P22z,Vous êtes un arpenteur et notaire d'experience. Je suis un client.,"Je vous ai envoyé un document, l'avez-vous reçu?","Oui, voici le contenu du document : Oui, voici le contenu du document : Index des immeubles - Section informatisée  
Index des immeubles  
Circonscription foncière : Stanstead  
Dates de mise à jour du Registre  
Cadastre :  
Village de Rock Island  
Droits : 2022-09-07 13:55  
Lot :  
12-2  
Radiations :  
2022-06-30 16:00  
Date d'établissement :  
2004-01-14 09:00  
Plan : Liste des plans  
Concordance :  
Ce lot remplace une partie du (des) lot(s) 12-1.  
Date de  
Numéro  
Nature de l'acte  
Qualité  
Nom des parties  
Remarques  
Avis d'adresse  
Radiations  
présentation d'inscription  
2007-11-01  
14 744 344  
Hypothèque  
Prêteur Emprunteur  
CITIFINANCIÈRE CANADA, INC. KEELER, DWAYNE THAYER, LINDA  
57 151,26 $  
6 002 064  
T 17 828 594  
2010-11-17  
17 714 203  
Hypothèque  
Créancier Constituant  
Caisse Desjardins de Stanstead KEELER, Dwayne THAYER, Linda  
109 000,00 $  
6 001 605  
T 20 893 177  
2014-06-27  
20 872 079  
Dation en paiement volontaire  
Cédant  
Cessionnaire  
THAYER, Linda KEELER, Dwayne CAISSE DESJARDINS DU LAC-MEMPHREMAGOG  
2014-08-27  
2014-09-05  
À 09:00. Début de la période d'interdiction : Réforme cadastrale.  
À 09:00.Ce lot est rénové, voir nouveau(x) lot(s) 5 075 561 Cadastre du Québec. Pour plan(s) et/ou document joint, voir le(s) nouveau(x) lot(s). Voir propriétaire(s) par lot (La liste des propriétaires affichée n'a aucune valeur légale.)


Mention de radiation - Section informatisée  
Radiations  
Mention  
T  
17 828 594 L'inscription des droits hypothécaires résultant du document ou de la réquisition Nº 14 744 344 est supprimée.  
Radiations  
Mention  
T  
20 893 177 L'inscription des droits hypothécaires résultant du document ou de la réquisition Nº 17 714 203 est supprimée.


","Parlez-moi de ce document, s'il vous plaît. Soyez précis.","Ce document présente un extrait d'un registre foncier, plus précisément l'index des immeubles pour une parcelle située dans la circonscription foncière de Stanstead, au Village de Rock Island. Voici les éléments clés du document :

1. **Cadastre et Lot**: 
   - Le document fait référence au lot numéro 12-2, qui remplace une partie d'un ou plusieurs autres lots (12-1).

2. **Dates de mise à jour**: 
   - Le registre a été mis à jour le 7 septembre 2022, et des radiations ont été effectuées le 30 juin 2022.

3. **Droits et Actes**:
   - On trouve plusieurs enregistrements d’actes notariés, notamment des hypothèques. Les personnes impliquées dans ces transactions sont Dwayne Keeler et Linda Thayer.
   - Détails des transactions :
     - **Hypothèque du 1er novembre 2007**: Prêt de 57 151,26 $ de CITIFINANCIÈRE CANADA, INC. à Dwayne Keeler et Linda Thayer.
     - **Hypothèque du 17 novembre 2010**: Prêt de 109 000,00 $ de Caisse Desjardins de Stanstead à Dwayne Keeler et Linda Thayer.
     - **Dation en paiement volontaire** du 27 juin 2014, où Linda Thayer cède à Dwayne Keeler et à la Caisse Desjardins du Lac-Memphremagog.
  
4. **Radiations**:
   - Le document indique la radiation des droits hypothécaires. Les inscriptions des droits résultant des actes hypothécaires précédents ont été annulées :
     - Hypothèque n° 14 744 344 radiée le 30 juin 2022.
     - Hypothèque n° 17 714 203 radiée le 27 juin 2014.

5. **Remarques**:
   - Il est mentionné qu'une réforme cadastrale a eu lieu, modifiant la structure cadastrale associée au lot en question. La référence à de nouveaux lots (comme le lot 5 075 561) indique qu'il pourrait y avoir des changements dans la répartition des propriétés ou les limites des parcelles.

6. **Propriétaires**:
   - Les noms des propriétaires (Dwayne Keeler et Linda Thayer) sont mentionnés, mais le document précise que la liste des propriétaires affichée n'a pas de valeur légale.

En résumé, ce document fournit une vue d'ensemble des droits et obligations concernant le lot 12-2, incluant les transactions passées, les hypothèques existantes et les radiations récentes. Si vous avez d'autres questions ou besoin d'informations supplémentaires, n'hésitez pas à demander.",1737930912,gpt-4o-mini-2024-07-18,588,623,1211
chatcmpl-Au5Y8y447496ClcR3qIJH7ZQHCpZW,Vous êtes un arpenteur et notaire d'experience. Je suis un client.,"Je vous ai envoyé un document, l'avez-vous reçu?","Oui, voici le contenu du document : Oui, voici le contenu du document : Index des immeubles - Section informatisée  
Index des immeubles  
Circonscription foncière : Stanstead  
Dates de mise à jour du Registre  
Cadastre :  
Village de Rock Island  
Droits : 2022-09-07 13:55  
Lot :  
12-2  
Radiations :  
2022-06-30 16:00  
Date d'établissement :  
2004-01-14 09:00  
Plan : Liste des plans  
Concordance :  
Ce lot remplace une partie du (des) lot(s) 12-1.  
Date de  
Numéro  
Nature de l'acte  
Qualité  
Nom des parties  
Remarques  
Avis d'adresse  
Radiations  
présentation d'inscription  
2007-11-01  
14 744 344  
Hypothèque  
Prêteur Emprunteur  
CITIFINANCIÈRE CANADA, INC. KEELER, DWAYNE THAYER, LINDA  
57 151,26 $  
6 002 064  
T 17 828 594  
2010-11-17  
17 714 203  
Hypothèque  
Créancier Constituant  
Caisse Desjardins de Stanstead KEELER, Dwayne THAYER, Linda  
109 000,00 $  
6 001 605  
T 20 893 177  
2014-06-27  
20 872 079  
Dation en paiement volontaire  
Cédant  
Cessionnaire  
THAYER, Linda KEELER, Dwayne CAISSE DESJARDINS DU LAC-MEMPHREMAGOG  
2014-08-27  
2014-09-05  
À 09:00. Début de la période d'interdiction : Réforme cadastrale.  
À 09:00.Ce lot est rénové, voir nouveau(x) lot(s) 5 075 561 Cadastre du Québec. Pour plan(s) et/ou document joint, voir le(s) nouveau(x) lot(s). Voir propriétaire(s) par lot (La liste des propriétaires affichée n'a aucune valeur légale.)


Mention de radiation - Section informatisée  
Radiations  
Mention  
T  
17 828 594 L'inscription des droits hypothécaires résultant du document ou de la réquisition Nº 14 744 344 est supprimée.  
Radiations  
Mention  
T  
20 893 177 L'inscription des droits hypothécaires résultant du document ou de la réquisition Nº 17 714 203 est supprimée.


","Parlez-moi de ce document, s'il vous plaît. Soyez précis.","Le document que vous avez partagé semble être un extrait du registre foncier d'un bien immobilier situé à Rock Island, dans la circonscription foncière de Stanstead. Voici les éléments clés de ce document :

### 1. **Informations Générales :**
   - **Circonscription foncière :** Stanstead.
   - **Village :** Rock Island.
   - **Lot concerné :** 12-2.

### 2. **Mises à jour :**
   - **Dates de mise à jour du registre :** Dernière mise à jour le 7 septembre 2022.
   - **Date d'établissement :** 14 janvier 2004.
   - **Plan :** Il inclut des informations sur des documents, des plans, et un remplaçant de lots.

### 3. **Transcriptions d’Actes :**
   Le document répertorie plusieurs actes enregistrés concernant le lot :
   - **Hypothèques :** 
     - Le 1er novembre 2007 : Hypothèque de la CITIFINANCIÈRE CANADA, INC. pour un montant de 57 151,26 $.
     - Le 17 novembre 2010 : Hypothèque de la Caisse Desjardins de Stanstead pour 109 000,00 $.
   - **Dation en paiement volontaire :** 
     - Le 27 juin 2014 : THAYER, Linda a cédé à KEELER, Dwayne et à la Caisse Desjardins du Lac-Memphremagog.

### 4. **Radiations :**
   Les radiations mentionnées impliquent la suppression des droits hypothécaires précédemment inscrits :
   - L'inscription des droits hypothécaires du document 14 744 344 a été rayée (17 828 594).
   - L'inscription des droits hypothécaires du document 17 714 203 a également été rayée (20 893 177).

### 5. **Remarques :**
   - Le lot 12-2 remplace une partie d’un autre lot (12-1).
   - Il y a une mention d'une réforme cadastrale ainsi que des détails sur les propriétaires, bien que la liste affichée n'ait pas de valeur légale.

Ce document est essentiel pour comprendre l'historique des droits liés à ce lot, y compris les créances hypothécaires et les modifications de propriété. Si vous avez des questions spécifiques ou si vous recherchez des précisions sur un aspect particulier, n'hésitez pas à me le faire savoir.",1737931064,gpt-4o-mini-2024-07-18,536,623,1159
chatcmpl-Au5YvDsrWeR2npksoRSuH1TKev9w5,Vous êtes un arpenteur et notaire d'experience. Je suis un client.,"Je vous ai envoyé un document, l'avez-vous reçu?","Oui, voici le contenu du document : Oui, voici le contenu du document : Index des immeubles - Section informatisée  
Index des immeubles  
Circonscription foncière : Stanstead  
Dates de mise à jour du Registre  
Cadastre :  
Village de Rock Island  
Droits : 2022-09-07 13:55  
Lot :  
12-2  
Radiations :  
2022-06-30 16:00  
Date d'établissement :  
2004-01-14 09:00  
Plan : Liste des plans  
Concordance :  
Ce lot remplace une partie du (des) lot(s) 12-1.  
Date de  
Numéro  
Nature de l'acte  
Qualité  
Nom des parties  
Remarques  
Avis d'adresse  
Radiations  
présentation d'inscription  
2007-11-01  
14 744 344  
Hypothèque  
Prêteur Emprunteur  
CITIFINANCIÈRE CANADA, INC. KEELER, DWAYNE THAYER, LINDA  
57 151,26 $  
6 002 064  
T 17 828 594  
2010-11-17  
17 714 203  
Hypothèque  
Créancier Constituant  
Caisse Desjardins de Stanstead KEELER, Dwayne THAYER, Linda  
109 000,00 $  
6 001 605  
T 20 893 177  
2014-06-27  
20 872 079  
Dation en paiement volontaire  
Cédant  
Cessionnaire  
THAYER, Linda KEELER, Dwayne CAISSE DESJARDINS DU LAC-MEMPHREMAGOG  
2014-08-27  
2014-09-05  
À 09:00. Début de la période d'interdiction : Réforme cadastrale.  
À 09:00.Ce lot est rénové, voir nouveau(x) lot(s) 5 075 561 Cadastre du Québec. Pour plan(s) et/ou document joint, voir le(s) nouveau(x) lot(s). Voir propriétaire(s) par lot (La liste des propriétaires affichée n'a aucune valeur légale.)


Mention de radiation - Section informatisée  
Radiations  
Mention  
T  
17 828 594 L'inscription des droits hypothécaires résultant du document ou de la réquisition Nº 14 744 344 est supprimée.  
Radiations  
Mention  
T  
20 893 177 L'inscription des droits hypothécaires résultant du document ou de la réquisition Nº 17 714 203 est supprimée.


","Parlez-moi de ce document, s'il vous plaît. Soyez précis.","Ce document présente un extrait du registre foncier relatif à un immeuble situé dans la circonscription foncière de Stanstead, plus précisément au village de Rock Island. Voici les points principaux à retenir :

1. **Cadastre et Lot** : Le document concerne le lot numéro 12-2, qui est une subdivision du lot numéro 12-1. 

2. **Mises à jour du Registre** :
   - La dernière mise à jour des droits a été effectuée le 7 septembre 2022.
   - Une radiation a été inscrite le 30 juin 2022.

3. **Actes enregistrés** : Le document liste plusieurs actes notariés en rapport avec ce lot, dont :
   - **Hypothèque de CITIFINANCIÈRE CANADA, INC.** au bénéfice de Dwayne Keeler et Linda Thayer pour un montant de 57 151,26 $ en date du 1er novembre 2007.
   - **Hypothèque de la Caisse Desjardins de Stanstead** au bénéfice de Dwayne Keeler et Linda Thayer pour un montant de 109 000,00 $ en date du 17 novembre 2010.
   - **Dation en paiement volontaire** le 27 juin 2014 où Linda Thayer cède le lot à Dwayne Keeler et à la Caisse Desjardins du Lac-Memphremagog.

4. **Radiations** : 
   - La radiation de l'hypothèque de CITIFINANCIÈRE CANADA, INC. est indiquée avec le numéro de document 14 744 344 (radiée le 17 août 2014).
   - Une autre radiation concerne l'hypothèque de la Caisse Desjardins de Stanstead (document 17 714 203, radiée le 27 juin 2014).

5. **Notes Additionnelles** : 
   - Une mention indique que ce lot a été rénové et a été transformé par une réforme cadastrale, remplaçant le lot original par de nouveaux lots. 

6. **Propriétaires** : La liste des propriétaires affichée n'a pas de valeur légale et il est précisé que pour les détails concernant les propriétaires selon chaque lot récemment créé, il est conseillé de consulter les nouveaux lots.

Ce document est crucial pour établir la situation juridique actuelle du lot, les droits hypothécaires qui y étaient associés et les transactions qui ont été effectuées par le passé. Si vous avez besoin de plus de détails ou d'une analyse spécifique, n'hésitez pas à me le faire savoir.",1737931113,gpt-4o-mini-2024-07-18,543,623,1166
chatcmpl-Au5ZHITROAMG1dX9iIYEZd95y7dQ2,Vous êtes un arpenteur et notaire d'experience. Je suis un client.,"Je vous ai envoyé un document, l'avez-vous reçu?","Oui, voici le contenu du document : Oui, voici le contenu du document : Index des immeubles - Section informatisée  
Index des immeubles  
Circonscription foncière : Stanstead  
Dates de mise à jour du Registre  
Cadastre :  
Village de Rock Island  
Droits : 2022-09-07 13:55  
Lot :  
12-2  
Radiations :  
2022-06-30 16:00  
Date d'établissement :  
2004-01-14 09:00  
Plan : Liste des plans  
Concordance :  
Ce lot remplace une partie du (des) lot(s) 12-1.  
Date de  
Numéro  
Nature de l'acte  
Qualité  
Nom des parties  
Remarques  
Avis d'adresse  
Radiations  
présentation d'inscription  
2007-11-01  
14 744 344  
Hypothèque  
Prêteur Emprunteur  
CITIFINANCIÈRE CANADA, INC. KEELER, DWAYNE THAYER, LINDA  
57 151,26 $  
6 002 064  
T 17 828 594  
2010-11-17  
17 714 203  
Hypothèque  
Créancier Constituant  
Caisse Desjardins de Stanstead KEELER, Dwayne THAYER, Linda  
109 000,00 $  
6 001 605  
T 20 893 177  
2014-06-27  
20 872 079  
Dation en paiement volontaire  
Cédant  
Cessionnaire  
THAYER, Linda KEELER, Dwayne CAISSE DESJARDINS DU LAC-MEMPHREMAGOG  
2014-08-27  
2014-09-05  
À 09:00. Début de la période d'interdiction : Réforme cadastrale.  
À 09:00.Ce lot est rénové, voir nouveau(x) lot(s) 5 075 561 Cadastre du Québec. Pour plan(s) et/ou document joint, voir le(s) nouveau(x) lot(s). Voir propriétaire(s) par lot (La liste des propriétaires affichée n'a aucune valeur légale.)


Mention de radiation - Section informatisée  
Radiations  
Mention  
T  
17 828 594 L'inscription des droits hypothécaires résultant du document ou de la réquisition Nº 14 744 344 est supprimée.  
Radiations  
Mention  
T  
20 893 177 L'inscription des droits hypothécaires résultant du document ou de la réquisition Nº 17 714 203 est supprimée.


","Parlez-moi de ce document, s'il vous plaît. Soyez précis.","Ce document semble être un extrait du Registre foncier du Québec concernant un bien immobilier spécifique, localisé dans la circonscription foncière de Stanstead, plus précisément dans le village de Rock Island. Voici les éléments clés :

1. **Index des Immeubles** :
   - **Cadastre** : Le document fait référence à un lot particulier, identifié comme lot 12-2. Ce lot remplace une partie du lot 12-1.

2. **Historique des droits** :
   - Le document contient des informations sur l'établissement et les modifications apportées aux droits sur le lot. La date d'établissement est le 14 janvier 2004.
   - Deux radiations ont été effectuées : le 30 juin 2022 et le 7 septembre 2022, indiquant des modifications ou des suppressions de certains droits.

3. **Actes enregistrés** :
   - Un certain nombre d'actes sont enregistrés sur ce lot, notamment des hypothèques et une dation en paiement :
     - **Hypothèque de CITIFINANCIÈRE CANADA, INC.** d’un montant de 57 151,26 $ le 1er novembre 2007, avec les débiteurs étant Dwayne Keeler et Linda Thayer.
     - **Hypothèque de Caisse Desjardins de Stanstead** d’un montant de 109 000,00 $ le 17 novembre 2010, avec les mêmes débiteurs.
     - **Dation en paiement volontaire** le 27 juin 2014 où Linda Thayer a cédé à Dwayne Keeler et à la Caisse Desjardins du Lac-Memphremagog.

4. **Radiations des droits hypothécaires** :
   - Les droits hypothécaires associés aux actes mentionnés ont été radiés (suppressions) :
     - L'inscription des droits résultant de l'acte 14 744 344 (hypothèque de CITIFINANCIÈRE) a été supprimée.
     - L'inscription des droits résultant de l'acte 17 714 203 (hypothèque de la Caisse Desjardins) a également été supprimée.

5. **Remarques finales** :
   - Le document fournit également des précisions sur la réforme cadastrale et indique que le lot a été modifié, référant à de nouveaux lots impliqués. Il souligne que la liste des propriétaires affichée n'a aucune valeur légale.

Ce document est essentiel pour comprendre l'historique du bien, les droits liés à la propriété, et les transferts de propriété ainsi que l'état actuel du titre de propriété. Si vous avez besoin de précisions supplémentaires sur un point particulier, n'hésitez pas à me le faire savoir.",1737931135,gpt-4o-mini-2024-07-18,571,623,1194
chatcmpl-Au5ewj4BpbDcBHLBzWD8aeST2YYWx,Vous êtes un arpenteur et notaire d'experience. Je suis un client.,"Je vous ai envoyé un document, l'avez-vous reçu?","Oui, voici le contenu du document : Oui, voici le contenu du document : Index des immeubles - Section informatisée  
Index des immeubles  
Circonscription foncière : Stanstead  
Dates de mise à jour du Registre  
Cadastre :  
Village de Rock Island  
Droits : 2022-09-07 13:55  
Lot :  
12-2  
Radiations :  
2022-06-30 16:00  
Date d'établissement :  
2004-01-14 09:00  
Plan : Liste des plans  
Concordance :  
Ce lot remplace une partie du (des) lot(s) 12-1.  
Date de  
Numéro  
Nature de l'acte  
Qualité  
Nom des parties  
Remarques  
Avis d'adresse  
Radiations  
présentation d'inscription  
2007-11-01  
14 744 344  
Hypothèque  
Prêteur Emprunteur  
CITIFINANCIÈRE CANADA, INC. KEELER, DWAYNE THAYER, LINDA  
57 151,26 $  
6 002 064  
T 17 828 594  
2010-11-17  
17 714 203  
Hypothèque  
Créancier Constituant  
Caisse Desjardins de Stanstead KEELER, Dwayne THAYER, Linda  
109 000,00 $  
6 001 605  
T 20 893 177  
2014-06-27  
20 872 079  
Dation en paiement volontaire  
Cédant  
Cessionnaire  
THAYER, Linda KEELER, Dwayne CAISSE DESJARDINS DU LAC-MEMPHREMAGOG  
2014-08-27  
2014-09-05  
À 09:00. Début de la période d'interdiction : Réforme cadastrale.  
À 09:00.Ce lot est rénové, voir nouveau(x) lot(s) 5 075 561 Cadastre du Québec. Pour plan(s) et/ou document joint, voir le(s) nouveau(x) lot(s). Voir propriétaire(s) par lot (La liste des propriétaires affichée n'a aucune valeur légale.)


Mention de radiation - Section informatisée  
Radiations  
Mention  
T  
17 828 594 L'inscription des droits hypothécaires résultant du document ou de la réquisition Nº 14 744 344 est supprimée.  
Radiations  
Mention  
T  
20 893 177 L'inscription des droits hypothécaires résultant du document ou de la réquisition Nº 17 714 203 est supprimée.


","Parlez-moi de ce document, s'il vous plaît. Soyez précis.","Le document que vous avez fourni semble être un extrait du registre foncier concernant une propriété située dans la circonscription foncière de Stanstead, spécifiquement dans le village de Rock Island. Voici les points clés à retenir :

1. **Identification du Lot** : Le lot concerné est le lot 12-2, qui remplace une partie du lot 12-1.

2. **Mises à jour et Inscriptions** :
   - La date d’établissement du lot est le 14 janvier 2004.
   - Il y a eu plusieurs inscriptions, notamment des hypothèques et une dation en paiement :
     - Le 1er novembre 2007, une hypothèque de 57 151,26 $ a été inscrite au profit de CITIFINANCIÈRE CANADA, INC.
     - Le 17 novembre 2010, une autre hypothèque de 109 000,00 $ a été inscrite au profit de la Caisse Desjardins de Stanstead.
     - Le 27 juin 2014, une dation en paiement volontaire a eu lieu, où Linda Thayer a cédé le lot à Dwayne Keeler et la Caisse Desjardins du Lac-Memphremagog.

3. **Radiations** :
   - Les droits hypothécaires résultant de l'inspection de l'hypothèque de 2007 (document Nº 14 744 344) et de l'hypothèque de 2010 (document Nº 17 714 203) ont été radiés.
  
4. **Remarques** :
   - Une mention de clôture est effectuée, en rapport avec la réforme cadastrale, ce qui signifie que le lot a été rénové en lien avec un nouveau cadastre.

5. **Propriété** : Il est également noté que la liste des propriétaires affichée n’a aucune valeur légale, ce qui est une information importante à considérer si vous envisagez de consulter des détails sur les propriétaires actuels.

Ce document est crucial pour comprendre l'historique juridique et les droits liés à la propriété, en particulier pour des raisons de transactions immobilières ou de vérifications de titres. Si vous avez besoin d'informations ou d'éclaircissements supplémentaires, n'hésitez pas à demander.",1737931486,gpt-4o-mini-2024-07-18,472,623,1095
chatcmpl-Au5g6ocqHsQIO8Djwo1S1xfzUFtxj,Vous êtes un arpenteur et notaire d'experience. Je suis un client.,"Je vous ai envoyé un document, l'avez-vous reçu?","Oui, voici le contenu du document : Oui, voici le contenu du document : Index des immeubles - Section informatisée  
Index des immeubles  
Circonscription foncière : Stanstead  
Dates de mise à jour du Registre  
Cadastre :  
Village de Rock Island  
Droits : 2022-09-07 13:55  
Lot :  
12-2  
Radiations :  
2022-06-30 16:00  
Date d'établissement :  
2004-01-14 09:00  
Plan : Liste des plans  
Concordance :  
Ce lot remplace une partie du (des) lot(s) 12-1.  
Date de  
Numéro  
Nature de l'acte  
Qualité  
Nom des parties  
Remarques  
Avis d'adresse  
Radiations  
présentation d'inscription  
2007-11-01  
14 744 344  
Hypothèque  
Prêteur Emprunteur  
CITIFINANCIÈRE CANADA, INC. KEELER, DWAYNE THAYER, LINDA  
57 151,26 $  
6 002 064  
T 17 828 594  
2010-11-17  
17 714 203  
Hypothèque  
Créancier Constituant  
Caisse Desjardins de Stanstead KEELER, Dwayne THAYER, Linda  
109 000,00 $  
6 001 605  
T 20 893 177  
2014-06-27  
20 872 079  
Dation en paiement volontaire  
Cédant  
Cessionnaire  
THAYER, Linda KEELER, Dwayne CAISSE DESJARDINS DU LAC-MEMPHREMAGOG  
2014-08-27  
2014-09-05  
À 09:00. Début de la période d'interdiction : Réforme cadastrale.  
À 09:00.Ce lot est rénové, voir nouveau(x) lot(s) 5 075 561 Cadastre du Québec. Pour plan(s) et/ou document joint, voir le(s) nouveau(x) lot(s). Voir propriétaire(s) par lot (La liste des propriétaires affichée n'a aucune valeur légale.)


Mention de radiation - Section informatisée  
Radiations  
Mention  
T  
17 828 594 L'inscription des droits hypothécaires résultant du document ou de la réquisition Nº 14 744 344 est supprimée.  
Radiations  
Mention  
T  
20 893 177 L'inscription des droits hypothécaires résultant du document ou de la réquisition Nº 17 714 203 est supprimée.


","Parlez-moi de ce document, s'il vous plaît. Soyez précis.","Le document que vous avez fourni est un extrait de l'index des immeubles et des mentions de radiation concernant un lot spécifique (12-2) dans la circonscription foncière de Stanstead, plus précisément situé dans le village de Rock Island. Voici les points clés :

### Index des immeubles :

1. **Informations générales** :
   - **Circonscription foncière** : Stanstead
   - **Cadastre** : Village de Rock Island
   - **Numéro de lot** : 12-2
   - **Date d'établissement** : 14 janvier 2004

2. **Droits et radiations** :
   - Dernière mise à jour du registre : 7 septembre 2022
   - Radiation de droits le 30 juin 2022.

3. **Concordance** :  
   - Le lot 12-2 remplace une partie du lot 12-1.

### Actes enregistrés :

Le document contient une liste d'actes enregistrés relatifs à ce lot :

- **Hypothèque (2007-11-01)** :  
  - Prêteur : CITIFINANCIÈRE CANADA, INC.  
  - Emprunteur : KEELER, Dwayne et THAYER, Linda  
  - Montant : 57 151,26 $

- **Hypothèque (2010-11-17)** :  
  - Créancier : Caisse Desjardins de Stanstead  
  - Constituant : KEELER, Dwayne et THAYER, Linda  
  - Montant : 109 000,00 $

- **Dation en paiement volontaire (2014-06-27)** :  
  - Cédant : THAYER, Linda  
  - Cessionnaire : KEELER, Dwayne, CAISSE DESJARDINS DU LAC-MEMPHREMAGOG

### Modifications et rénovations :

- Le document indique que le lot a été rénové, et il est précisé qu'il est rattaché à de nouveaux lots (5 075 561 dans le Cadastre du Québec) à partir du 5 septembre 2014.

### Mentions de radiation :
Il existe des mentions de radiation relatives à des droits hypothécaires :

- **Radiation (T 17 828 594)** :
  - L'inscription des droits hypothécaires découlant d’un acte (réquisition N° 14 744 344) a été supprimée.

- **Radiation (T 20 893 177)** :
  - L'inscription des droits hypothécaires issus d’un acte (réquisition N° 17 714 203) a également été supprimée.

### Conclusion :

Ce document est essentiel pour comprendre l'historique des droits liés à la propriété correspondant au lot 12-2, y compris les hypothèques, les dations en paiement, ainsi que les radiations qui ont eu lieu. Ces informations peuvent être utiles pour toute transaction future ou pour clarifier les droits de propriété. Si vous avez des questions spécifiques ou si vous avez besoin de clarifications sur certaines parties, n’hésitez pas à me le faire savoir.",1737931558,gpt-4o-mini-2024-07-18,658,623,1281
